,nose_velocity,tail_base_velocity,body_length,acceleration,angular_velocity,distance_to_center
nose_velocity,1.0,0.15914980801481846,-0.004122472123242244,0.8203839718060147,-0.002138885205968457,-0.031947769023721095
tail_base_velocity,0.15914980801481846,1.0,0.0030288354981609623,0.1134952868599313,-0.0018485240766657953,-0.009730722726933571
body_length,-0.004122472123242244,0.0030288354981609623,1.0,-0.016303206859733455,0.002595111050106658,0.052704050876027905
acceleration,0.8203839718060147,0.1134952868599313,-0.016303206859733455,1.0,-0.002712439097032654,-0.03923695955845531
angular_velocity,-0.002138885205968457,-0.0018485240766657953,0.002595111050106658,-0.002712439097032654,1.0,-0.0022706486933202347
distance_to_center,-0.031947769023721095,-0.009730722726933571,0.052704050876027905,-0.03923695955845531,-0.0022706486933202347,1.0
